modality,label,group,size,detour_pct,cut_pairs,single_detour_pct,single_cut_pairs,z_vs_mid,z_vs_top
olfactory,random_mid(k=2),random_mid,2,0.0,0,,,,
olfactory,random_mid(k=2),random_mid,2,0.0,0,,,,
olfactory,random_mid(k=2),random_mid,2,0.0,0,,,,
olfactory,random_mid(k=2),random_mid,2,0.0,0,,,,
olfactory,random_mid(k=2),random_mid,2,0.0,0,,,,
olfactory,random_mid(k=2),random_mid,2,0.0,0,,,,
olfactory,random_mid(k=2),random_mid,2,0.0,0,,,,
olfactory,random_mid(k=2),random_mid,2,0.0,0,,,,
olfactory,random_mid(k=2),random_mid,2,0.0,0,,,,
olfactory,random_mid(k=2),random_mid,2,0.0,0,,,,
olfactory,random_mid(k=2),random_mid,2,0.0,0,,,,
olfactory,random_mid(k=2),random_mid,2,0.0,0,,,,
olfactory,random_top(k=2),random_top,2,0.5905522389706986,0,,,,
olfactory,random_top(k=2),random_top,2,0.4678110658828662,0,,,,
olfactory,random_top(k=2),random_top,2,1.27609648417491,0,,,,
olfactory,random_top(k=2),random_top,2,0.02321304650047,0,,,,
olfactory,random_top(k=2),random_top,2,0.0780790006453009,0,,,,
olfactory,random_top(k=2),random_top,2,0.1846215357043889,0,,,,
olfactory,random_top(k=2),random_top,2,0.0443262111730473,0,,,,
olfactory,random_top(k=2),random_top,2,0.3347701293128483,0,,,,
olfactory,random_top(k=2),random_top,2,0.0965685851062089,0,,,,
olfactory,random_top(k=2),random_top,2,0.0401206409471509,0,,,,
olfactory,random_top(k=2),random_top,2,0.3748816409842619,0,,,,
olfactory,random_top(k=2),random_top,2,0.1301111933564689,0,,,,
olfactory,random_mid(k=4),random_mid,4,0.0,0,,,,
olfactory,random_mid(k=4),random_mid,4,0.0,0,,,,
olfactory,random_mid(k=4),random_mid,4,0.0,0,,,,
olfactory,random_mid(k=4),random_mid,4,0.0,0,,,,
olfactory,random_mid(k=4),random_mid,4,0.0,0,,,,
olfactory,random_mid(k=4),random_mid,4,0.0,0,,,,
olfactory,random_mid(k=4),random_mid,4,0.0,0,,,,
olfactory,random_mid(k=4),random_mid,4,0.0,0,,,,
olfactory,random_mid(k=4),random_mid,4,0.0,0,,,,
olfactory,random_mid(k=4),random_mid,4,0.0,0,,,,
olfactory,random_mid(k=4),random_mid,4,0.0,0,,,,
olfactory,random_mid(k=4),random_mid,4,0.0,0,,,,
olfactory,random_top(k=4),random_top,4,0.1338375768103275,0,,,,
olfactory,random_top(k=4),random_top,4,0.2905443166075588,0,,,,
olfactory,random_top(k=4),random_top,4,0.3595445109459835,0,,,,
olfactory,random_top(k=4),random_top,4,0.2698857748303562,0,,,,
olfactory,random_top(k=4),random_top,4,0.6428238110222123,0,,,,
olfactory,random_top(k=4),random_top,4,1.674673552256071,0,,,,
olfactory,random_top(k=4),random_top,4,0.1850260736410106,0,,,,
olfactory,random_top(k=4),random_top,4,0.690466790125991,0,,,,
olfactory,random_top(k=4),random_top,4,0.4423066033269262,0,,,,
olfactory,random_top(k=4),random_top,4,1.42510180685357,0,,,,
olfactory,random_top(k=4),random_top,4,0.8248731612065386,0,,,,
olfactory,random_top(k=4),random_top,4,1.3216734978260558,0,,,,
olfactory,lLN2T_c,celltype,4,4.379469946954837,0,0.3902808609186192,0.0,,7.067534566751506
olfactory,lLN2F_b,celltype,4,1.1821572855234972,0,0.0701805773812593,0.0,,0.9454354504605236
olfactory,v2LN30,celltype,2,4.978819640103196,0,3.514605289211031,0.0,,13.038764338975843
olfactory,il3LN6,celltype,2,2.0166328686544537,0,1.1102565157365414,0.0,,4.777795189814103
olfactory,MZ_lv2PN,celltype,2,3.006358751588635,0,1.6116272226377797,0.0,,7.537950310298753
olfactory,AL-AST1,celltype,2,1.9742280966969552,0,1.1216866043925016,0.0,,4.659536437093118
olfactory,DP1m_adPN,celltype,2,0.6824225912254267,0,0.2621130655941771,0.0,,1.056939352305533
olfactory,VESa1_P02,celltype,2,0.9861116789815192,0,0.4530336126273459,0.0,,1.9038698055338992
olfactory,LHPV10b1,celltype,2,0.3137304908037811,0,0.1331668510521763,0.0,,0.0287279996387855
olfactory,CRE011,celltype,2,0.5522805563690579,0,0.1481410748899943,0.0,,0.6939982490233162
olfactory,VES079,celltype,2,0.5315719634695674,0,0.1463812806968796,0.0,,0.6362459665831467
olfactory,CB0448,celltype,2,0.33223900111262,0,0.33223900111262,0.0,,0.0803446749044983
mechanosensory,random_mid(k=1),random_mid,1,0.0001007306644069,0,,,,
mechanosensory,random_mid(k=1),random_mid,1,0.0004685841363509,0,,,,
mechanosensory,random_mid(k=1),random_mid,1,0.0001205958988833,0,,,,
mechanosensory,random_mid(k=1),random_mid,1,0.0009342236752596,0,,,,
mechanosensory,random_mid(k=1),random_mid,1,0.0016030859598811,0,,,,
mechanosensory,random_mid(k=1),random_mid,1,0.0001031721722828,0,,,,
mechanosensory,random_mid(k=1),random_mid,1,0.0011641581184019,0,,,,
mechanosensory,random_mid(k=1),random_mid,1,0.0001753459733912,0,,,,
mechanosensory,random_mid(k=1),random_mid,1,0.0002800457021549,0,,,,
mechanosensory,random_mid(k=1),random_mid,1,0.0155522879110437,0,,,,
mechanosensory,random_mid(k=1),random_mid,1,0.0002078236036372,0,,,,
mechanosensory,random_mid(k=1),random_mid,1,0.0003788685101573,0,,,,
mechanosensory,random_top(k=1),random_top,1,0.03619271396119,0,,,,
mechanosensory,random_top(k=1),random_top,1,0.1082555496796976,0,,,,
mechanosensory,random_top(k=1),random_top,1,0.019172130488539,0,,,,
mechanosensory,random_top(k=1),random_top,1,0.0126876251650582,0,,,,
mechanosensory,random_top(k=1),random_top,1,0.0146131347273017,0,,,,
mechanosensory,random_top(k=1),random_top,1,0.0291841570233894,0,,,,
mechanosensory,random_top(k=1),random_top,1,0.0335232373689779,0,,,,
mechanosensory,random_top(k=1),random_top,1,0.0457573503476883,0,,,,
mechanosensory,random_top(k=1),random_top,1,0.0258365228569272,0,,,,
mechanosensory,random_top(k=1),random_top,1,0.1082555496796976,0,,,,
mechanosensory,random_top(k=1),random_top,1,0.01084992328852,0,,,,
mechanosensory,random_top(k=1),random_top,1,0.015976917805379,0,,,,
mechanosensory,random_mid(k=2),random_mid,2,0.0040240982589773,0,,,,
mechanosensory,random_mid(k=2),random_mid,2,0.0054042254301666,0,,,,
mechanosensory,random_mid(k=2),random_mid,2,0.0023714379357821,0,,,,
mechanosensory,random_mid(k=2),random_mid,2,0.0011530839987312,0,,,,
mechanosensory,random_mid(k=2),random_mid,2,0.0137742354517789,0,,,,
mechanosensory,random_mid(k=2),random_mid,2,0.0002343067880692,0,,,,
mechanosensory,random_mid(k=2),random_mid,2,0.0020501174447901,0,,,,
mechanosensory,random_mid(k=2),random_mid,2,0.0019617655670596,0,,,,
mechanosensory,random_mid(k=2),random_mid,2,0.0001927577784163,0,,,,
mechanosensory,random_mid(k=2),random_mid,2,0.0012900268503005,0,,,,
mechanosensory,random_mid(k=2),random_mid,2,0.0022316903487703,0,,,,
mechanosensory,random_mid(k=2),random_mid,2,0.0006574319862771,0,,,,
mechanosensory,random_top(k=2),random_top,2,0.0998742048408351,1113,,,,
mechanosensory,random_top(k=2),random_top,2,0.3488052941546748,0,,,,
mechanosensory,random_top(k=2),random_top,2,0.1167865097787462,0,,,,
mechanosensory,random_top(k=2),random_top,2,0.0526652175764315,0,,,,
mechanosensory,random_top(k=2),random_top,2,0.3003584545472142,0,,,,
mechanosensory,random_top(k=2),random_top,2,0.0448409432747677,0,,,,
mechanosensory,random_top(k=2),random_top,2,0.1189600366916164,0,,,,
mechanosensory,random_top(k=2),random_top,2,0.0947383506354183,0,,,,
mechanosensory,random_top(k=2),random_top,2,0.1592309972639207,0,,,,
mechanosensory,random_top(k=2),random_top,2,0.0270479059366941,0,,,,
mechanosensory,random_top(k=2),random_top,2,0.1145133087031875,2224,,,,
mechanosensory,random_top(k=2),random_top,2,0.5052873275011035,2228,,,,
mechanosensory,AN_GNG_89,celltype,2,0.8027468606108399,3342,0.3013397113579713,1114.0,214.3164597075252,4.406783233702933
mechanosensory,DNg62,celltype,2,0.7928229304144531,0,0.4735329280483939,0.0,211.65722266614725,4.338181751143913
mechanosensory,PS100,celltype,2,0.298168263348057,0,0.2009212177075089,0.0,79.10852599833241,0.918765970907128
mechanosensory,DNg84,celltype,2,0.5895552480635777,3336,0.1491615246395793,3339.0,157.18919039206895,2.933046478156696
mechanosensory,DNge132,celltype,2,0.9441042489598324,2224,0.651452443314418,1113.0,252.1948804270656,5.383949156831128
mechanosensory,CB0021,celltype,2,0.3903619996112594,0,0.2255798301586635,0.0,103.8129519266204,1.5560766799862518
mechanosensory,CB0574,celltype,2,0.7308714630454899,0,0.6654740514893077,0.0,195.0565782102596,3.909927780779933
mechanosensory,DNa03,celltype,2,0.2186035855926665,0,0.0966788955159706,0.0,57.78820893791317,0.368756574898097
mechanosensory,CB0109,celltype,2,1.2604577915733914,2228,1.0190807849735597,1114.0,336.96563576706285,7.570816819805011
mechanosensory,CB0534,celltype,2,0.14244105867262,100,0.0847985307082807,0.0,37.37953931380857,-0.1577346598003094
mechanosensory,AVLP340,celltype,2,0.3297929324090952,0,0.1409360660645058,0.0,87.58273830376069,1.1373788732646533
mechanosensory,CB0478,celltype,2,0.5181634350173377,0,0.4265775686451137,0.0,138.05889121152725,2.439533916033715
mechanosensory,DNg100,celltype,2,0.0821973024520359,0,0.0732899663506597,0.0,21.23649670032375,-0.5741836784724663
mechanosensory,DNg35,celltype,2,0.2954557814431233,4448,0.2796041084651054,1113.0,78.38168368758204,0.9000153069654655
mechanosensory,DNg98,celltype,1,0.2595662135306344,0,0.2595662135306344,0.0,58.98186961092584,6.448650301641241
ocellar,random_mid(k=1),random_mid,1,0.0,0,,,,
ocellar,random_mid(k=1),random_mid,1,0.0,0,,,,
ocellar,random_mid(k=1),random_mid,1,0.0,0,,,,
ocellar,random_mid(k=1),random_mid,1,0.0,0,,,,
ocellar,random_mid(k=1),random_mid,1,0.0,0,,,,
ocellar,random_mid(k=1),random_mid,1,0.0,0,,,,
ocellar,random_mid(k=1),random_mid,1,0.0,0,,,,
ocellar,random_mid(k=1),random_mid,1,0.0,0,,,,
ocellar,random_mid(k=1),random_mid,1,0.0,0,,,,
ocellar,random_mid(k=1),random_mid,1,0.0,0,,,,
ocellar,random_mid(k=1),random_mid,1,0.0,0,,,,
ocellar,random_mid(k=1),random_mid,1,0.0,0,,,,
ocellar,random_top(k=1),random_top,1,0.0,0,,,,
ocellar,random_top(k=1),random_top,1,0.5499830883655518,0,,,,
ocellar,random_top(k=1),random_top,1,0.0,0,,,,
ocellar,random_top(k=1),random_top,1,0.0374967719092662,0,,,,
ocellar,random_top(k=1),random_top,1,0.3470349776637494,0,,,,
ocellar,random_top(k=1),random_top,1,0.0,0,,,,
ocellar,random_top(k=1),random_top,1,0.0,0,,,,
ocellar,random_top(k=1),random_top,1,0.2780755040525263,0,,,,
ocellar,random_top(k=1),random_top,1,0.0,0,,,,
ocellar,random_top(k=1),random_top,1,0.0,0,,,,
ocellar,random_top(k=1),random_top,1,0.2844825495654732,0,,,,
ocellar,random_top(k=1),random_top,1,0.0191166264007901,0,,,,
ocellar,random_mid(k=2),random_mid,2,0.0,0,,,,
ocellar,random_mid(k=2),random_mid,2,0.0,0,,,,
ocellar,random_mid(k=2),random_mid,2,0.0,0,,,,
ocellar,random_mid(k=2),random_mid,2,0.0,0,,,,
ocellar,random_mid(k=2),random_mid,2,0.0,0,,,,
ocellar,random_mid(k=2),random_mid,2,0.0,0,,,,
ocellar,random_mid(k=2),random_mid,2,0.0,0,,,,
ocellar,random_mid(k=2),random_mid,2,0.0,0,,,,
ocellar,random_mid(k=2),random_mid,2,0.0,0,,,,
ocellar,random_mid(k=2),random_mid,2,0.0,0,,,,
ocellar,random_mid(k=2),random_mid,2,0.0,0,,,,
ocellar,random_mid(k=2),random_mid,2,0.0,0,,,,
ocellar,random_top(k=2),random_top,2,0.0,0,,,,
ocellar,random_top(k=2),random_top,2,0.4106338476499646,0,,,,
ocellar,random_top(k=2),random_top,2,2.249608715957951,180,,,,
ocellar,random_top(k=2),random_top,2,0.3674885867963849,0,,,,
ocellar,random_top(k=2),random_top,2,0.0087281158609055,968,,,,
ocellar,random_top(k=2),random_top,2,1.1420186449320486,360,,,,
ocellar,random_top(k=2),random_top,2,0.4163145833330501,0,,,,
ocellar,random_top(k=2),random_top,2,0.0,0,,,,
ocellar,random_top(k=2),random_top,2,3.6334203494588366,0,,,,
ocellar,random_top(k=2),random_top,2,3.332109487298566,0,,,,
ocellar,random_top(k=2),random_top,2,0.623351445327731,0,,,,
ocellar,random_top(k=2),random_top,2,0.0,0,,,,
ocellar,CB0567,celltype,2,3.8221641974384015,0,2.449882670178276,0.0,,2.126478998756023
ocellar,DNp28,celltype,2,0.5456939207139253,1672,0.0086565504652989,979.0,,-0.3557787823327898
ocellar,DNp19,celltype,2,0.0,957,0.0,968.0,,-0.76919714611516
ocellar,CB1350,celltype,2,0.0,968,0.0,968.0,,-0.76919714611516
ocellar,CB0415,celltype,2,3.8913149085411702,0,3.484412635163812,0.0,,2.17886765978617
ocellar,OCG02b,celltype,2,6.9726400983139625,474,4.053073446510044,180.0,,4.513283290751365
ocellar,DNb06,celltype,2,0.2010058814250859,0,0.1991876139814512,0.0,,-0.616914851123356
ocellar,DNp40,celltype,1,0.81708791799488,0,0.81708791799488,0.0,,3.6619688066109854
